turn,word,meaning
1406,a,하나의
1407,abandon,버리다
1408,able,할 수 있는
1409,aboard,배로
1410,abort,유산하다
1411,about,#NAME?
1412,above,#NAME?
1413,abroad,외국으로
1414,absent,부재의
1415,absolute,절대의
1416,absorb,흡수하다
1417,abstract,추상적인
1418,absurd,불합리한
1419,abundant,풍부한
1420,abuse,남용
1421,academy,학술원
1422,accelerate,가속하다 속도가 가해지다
1423,accent,액센트
1424,accept,받아들이다
1425,access,접근
1426,accident,뜻밖의 사건
1427,accommodate,수용하다
1428,accompany,동반하다
1429,accomplish,이루다
1430,accord,일치하다
1431,account,설명하다 계산
1432,accumulate,축적하다
1433,accurate,정확한
1434,accuse,고발하다
1435,achieve,성취하다
1436,acid,산 신
1437,acknowledge,인정하다
1438,acquaint,알리다
1439,acquire,얻다
1440,acquisition,획득
1441,across,가로질러
1442,act,vi행동하다
1443,activate,활동적으로 하다
1444,actual,현실의
1445,acute,날카로운
1446,adapt,적용시키다
1447,add,추가하다
1448,addict,열중하게 하다
1449,address,말을 걸다
1450,adequate,충분한
1451,adjust,맞추다
1452,administer,관리하다
1453,admire,감복하다
1454,admission,입장
1455,admit,받아들이다
1456,adolescent,청년기의
1457,adopt,채용하다
1458,adult,성인
1459,advance,나아가다
1460,advantage,유리한 입장
1461,adventure,모험 모험하다
1462,adverse,거꾸로의
1463,advertize,광고하다
1464,advise,충고하다
1465,advocate,변호사
1466,aesthetic,미적인
1467,affair,일
1468,affect,영향을 주다
1469,affection,애정
1470,affiliate,회원으로 가입시키다
1471,afford,여유가 있다
1472,afraid,두려워하여
1473,after,후에
1474,afternoon,오후
1475,again,다시
1476,against,…에 반대하여
1477,age,연령
1478,agency,기능
1479,agenda,안건
1480,agent,대리인
1481,aggressive,침략적인
1482,ago,이전에
1483,agree,동의하다
1484,agriculture,농업
1485,ahead,전방에
1486,aid,도와 주다
1487,aim,겨누다
1488,air,공기
1489,airplane,비행기
1490,aircraft,항공기
1491,airline,정기항공
1492,airport,공항
1493,aisle,측면복도
1494,alert,빈틈없는
1495,alien,외국의
1496,alike,비슷한
1497,alive,살아있는
1498,all,모든
1499,allocate,할당하다
1500,allow,허락하다
1501,ally,동맹하다
1502,almost,거의
1503,alone,다만 홀로(혼자서)
1504,along,#NAME?
1506,aloud,큰 소리로
1507,already,이미
1508,alright,더할나위없이
1510,alter,바꾸다
1511,alternative,어느 한쪽의 양자택일
1512,although,비록 -일지라도
1513,altogether,전혀
1514,always,늘
1515,A.M.,오전
1516,amaze,깜짝 놀라게 하다
1517,ambassador,대사
1518,ambition,야심
1519,among,#NAME?
1520,amount,(금액이)-이 되다
1521,amplify,확대하다
1522,amuse,재미나게 하다
1523,analyze,분해하다
1524,anchor,닻
1525,ancient,옛날의
1526,and,및
1527,angel,천사
1528,anger,성
1529,angle,각
1530,animal,동물
1531,anniversary,기념일 예년의
1532,announce,알리다
1533,annoy,귀찮게하다
1534,annual,일년의
1535,another,또 하나
1536,answer,대답
1537,ant,개미
1538,anticipate,예기하다
1539,anxiety,근심
1540,anxious,걱정되는
1541,any,어떤
1542,apart,떨어져서
1543,apology,사과
1544,apparent,명백한
1545,appeal,간청하다
1546,appear,나타나다
1547,apple,사과
1548,applicant,지원자
1549,apply,(물건을)대다
1550,appoint,지정하다
1551,appreciate,감상하다
1552,approach,다가가다
1553,appropriate,적당한
1554,approve,시인하다
1555,approximate,어림셈의
1556,architect,건축가
1557,architecture,건축
1558,archive,기록보관소
1559,area,면적
1560,argue,논하다
1561,arise,생기다
1562,arm,팔
1563,army,육군
1564,around,사방에
1565,arrange,가지런히 하다
1566,arrest,체포하다
1567,arrive,도착하다
1568,arrow,화살
1569,art,예술
1570,article,물품
1571,artificial,인공의
1573,ash,회
1574,aside,곁에
1575,ask,묻다
1576,asleep,잠들은
1577,aspect,관점
1578,aspire,열망하다
1579,assault,습격
1580,assemble,모으다
1581,assert,단언하다
1582,assess,(세금 등을)사정하다
1583,asset,자산
1584,assign,할당하다
1585,assist,돕다
1586,associate,연상하다
1587,assume,취하다
1588,assure,보증하다
1589,astonish,놀라게 하다
1591,athlete,운동가
1592,atmosphere,대기
1593,atom,원자
1594,attach,붙이다
1595,attack,공격하다
1596,attain,이르다
1597,attempt,시도하다
1598,attend,출석하다
1599,attention,주의
1600,attitude,태도
1601,attorney,변호사
1602,attract,끌어 당기다
1603,attribute,속성
1604,auction,경매
1605,audience,청중
1606,aunt,아주머니
1607,authentic,진짜의
1608,author,저자
1609,autobiography,자서전
1610,automatic,자동의
1611,automobile,자동차 자동차의
1612,available,쓸모있는
1613,avenue,가로수길
1614,average,평균
1615,avoid,피하다
1616,await,기다리다
1617,awake,깨우다
1618,award,상
1619,aware,알고 있는
1620,away,떨어져서
1621,awesome,무서운
1622,awful,두려운
1623,awkward,어색한
1624,baby,"갓난아이, 막내   관심사, 골치아픈 일,"
1625,back,등
1626,background,배경
1627,bad,나쁜
1628,bake,굽다
1629,balance,균형
1630,ball,공
1631,balloon,기구
1632,ban,금지
1633,band,그룹
1634,bang,강타
1635,bank,둑
1636,bankrupt,파산자
1637,bar,막대기
1638,bare,벌거벗은
1639,bargain,매매
1640,bark,짖다
1641,barn,헛간
1642,barrier,장벽
1643,base,기초
1644,baseball,야구
1645,basic,기본의
1646,basis,기초
1647,basket,바구니
1648,basketball,농구
1649,bat,배트
1650,bath,목욕
1651,bathroom,욕실
1652,battery,전지
1653,battle,전투
1654,bay,만
1656,beach,해안
1657,beam,광선
1658,bean,콩
1659,bear,나르다
1660,beard,턱수염
1661,beast,짐승
1662,beat,치다
1663,beauty,아름다움
1664,because,왜냐하면
1666,bed,침대
1667,bedroom,침실 성적인
1668,bee,꿀벌
1669,beef,쇠고기
1670,beer,맥주
1671,before,앞에
1672,beg,청하다
1673,begin,시작하다
1674,behalf,위함
1675,behave,행동하다
1676,behavior,행동
1677,behind,뒤에
1678,believe,믿다
1679,bell,종
1680,belong,속하다
1681,below,아래에
1682,bend,구부리다
1684,benefit,이익
1685,berry,액과
1687,bet,걸다
1688,betray,배반하다
1690,beyond,저편에
1691,bias,치우침
1692,bible,"성서, 성경"
1693,bicycle,자전거 자전거를 타다
1694,big,큰
1695,bill,계산서
1696,billion,10억
1697,bin,궤
1698,bind,매다
1699,biography,전기
1700,biology,생물학
1701,bird,새
1702,birth,출생
1703,birthday,생일
1704,bishop,주교
1705,bit,bite의 과거(분사) 작은 조각
1706,bite,물다
1707,bitter,쓴
1708,black,검은
1709,blame,책망하다
1710,blank,공백
1711,blanket,담요
1712,blast,돌풍
1713,blend,혼합하다
1714,bless,축복하다
1715,blind,눈먼
1716,blink,(눈을)깜빡거리다
1717,block,덩어리
1718,blonde,(살결이 흰)금발의 여성
1719,blood,피
1720,bloom,쇳덩이
1721,blossom,(과수의)꽃
1722,blow,강타
1723,blue,푸른
1724,board,널빤지
1725,boat,배
1726,body,신체
1727,boil,끓다
1728,bold,대담한
1729,bomb,폭탄 폭격하다
1730,bond,결속
1731,bone,뼈
1732,book,책
1733,boom,굉음
1734,boost,뒤를 밀기
1735,boot,목이 긴 구두
1736,border,가장자리
1737,bore,고조
1738,borrow,빌다
1739,boss,두목
1740,both,쌍방의
1741,bother,괴롭히다 근심하다 귀찮음
1742,bottle,병
1743,bottom,밑바닥
1744,bounce,뛰어오르다
1745,boundary,경계
1746,bow,절
1747,bowl,사발
1748,boy,소년
1749,brain,뇌
1750,brake,브레이크
1751,branch,가지
1752,brand,상표
1753,brave,용감한
1754,bread,빵
1755,break,부수다
1756,breakfast,아침밥
1757,breast,가슴
1758,breathe,숨쉬다
1759,breed,기르다
1760,breeze,미풍
1761,brew,양조하다
1762,brick,벽돌
1763,bride,신부
1764,bridge,다리
1765,brief,단시간의
1766,bright,밝은
1767,brilliant,빛나는
1768,bring,가져오다
1769,broad,(폭이)넓은
1770,broadcast,방송하다
1771,brother,형제
1772,brown,갈색의 갈색
1773,brush,솔
1774,brute,야수 짐승같은
1775,bubble,거품 거품이 일다
1776,budget,예산
1777,bug,벌레
1778,build,짓다
1779,bulk,부피
1780,bull,황소
1781,bullet,탄환
1782,bully,약한 자를 못살게 구는 자
1783,bump,충돌 부딪치다
1784,bunch,송이
1785,bundle,다발
1786,burden,후렴
1787,burn,시내
1788,burst,파열하다
1789,bury,묻다
1790,bush,덤불
1791,business,직업
1792,busy,바쁜
1793,but,그러나 다만 (-을)제외하고
1794,butcher,정육점주인
1795,button,단추 단추를 채우다 단추로 채워지다
1796,buy,사다
1797,buzz,윙윙거리는 소리
1798,by,곁에
1799,cab,택시
1800,cabin,선실
1801,cable,해저전신
1802,cage,새장
1803,calculate,계산하다
1804,calendar,달력
1805,call,부르다
1806,calm,평온한
1807,can,au-할 수 있다
1808,cancel,취소하다
1809,cancer,암
1810,candidate,지원자
1811,candy,사탕과자
1812,canvas,돛베
1813,cap,모자
1814,capable,할 수 있는
1815,cape,곶
1816,capital,수위의
1817,captain,우두머리(chief)
1818,caption,표제
1819,capture,붙잡다(=catch)
1820,car,자동차
1821,care,걱정
1822,career,경력
1823,carrot,당근
1824,carry,나르다
1825,cart,(2륜)짐마차
1826,carve,조각하다
1827,case,경우
1828,cash,현금 현금으로 바꾸다 현금의
1829,cast,던지다
1830,castle,성
1831,casual,우연한
1832,cat,고양이
1833,catch,붙잡다
1834,category,범주
1835,cater,음식물을 마련하다
1836,cathedral,대성당
1837,cattle,소
1838,causal,원인의
1839,cause,원인
1840,caution,조심
1841,cave,동굴 굴을 파다 꺼지다
1842,cease,그만두다 그치다 중지
1843,ceiling,천장
1844,celebrate,경축하다
1845,celebrity,명성
1846,cell,작은 방
1847,censor,검열관
1848,century,1세기
1849,certain,확신하는
1850,certificate,증명서
1851,chain,사슬
1852,chair,의장
1853,chairman,의장
1854,challenge,도전
1855,chamber,방
1856,chance,우연
1857,change,변화
1858,chaos,혼돈
1859,character,인격
1860,characteristic,특유한
1861,charge,요금
1862,charity,자비
1863,charm,매력
1864,chase,쫓다
1865,chat,잡담
1866,cheap,값싼
1867,check,방해
1868,cheek,볼
1869,cheer,갈채
1870,chef,쿡
1871,chemical,화학의
1872,chemistry,화학
1873,chest,가슴팍
1874,chew,씹다
1875,chief,우두머리
1876,child,아이
1877,chill,차가움
1878,chin,턱(끝) 턱에 대다
1879,chip,(나무)토막
1880,choir,(교회의)성가대
1881,choose,고르다
1882,chop,(도끼 등으로)자르다
1883,chorus,합창
1884,chronic,만성의
1885,church,교회
1886,cigarette,궐련
1887,cinema,영화관
1888,circle,원
1889,circulate,순환하다
1890,circumstance,환경
1891,cite,인용하다(quote)
1892,citizen,시민
1893,city,도시
1894,civil,시민의
1895,claim,요구하다
1896,clap,짝짝
1897,clarify,맑게 하다
1898,clash,충돌하다
1899,class,계급
1900,classic,고전의
1901,classify,분류하다
1902,classroom,교실
1903,clause,조항
1904,clay,찰흙
1905,clean,청결한
1906,clear,맑은
1907,clerk,서기
1908,clever,영리한
1909,client,소송의뢰인
1910,cliff,절벽
1911,climate,기후
1912,climb,기어 오르다
1913,cling,밀착하다
1914,clinic,병원
1915,clip,가위로 자르다
1916,clock,시계
1917,close,닫다
1918,cloth,천
1919,cloud,구름
1920,club,클럽
1921,clue,단서
1922,cluster,떼
1923,coach,역마차
1924,coal,석탄
1925,coast,연안
1926,code,법전
1927,coin,화폐
1928,coincide,일치하다
1929,cold,추운
1930,collaborate,공동으로 일하다
1931,collapse,붕괴
1932,collar,칼라
1933,colleague,동료
1934,collect,모으다
1935,college,단과대학
1936,colony,식민지
1937,color,착색하다
1938,column,(신문 등의)난
1939,combat,격투하다
1940,combine,결합하다
1941,come,오다
1942,comedy,희극
1943,comfort,위안
1944,command,명령하다
1945,commence,시작하다
1946,comment,논평
1947,commerce,상업
1948,commission,위임
1949,commit,위탁하다
1950,committee,위원회
1951,commodity,상품
1952,communicate,알리다
1953,communist,공산주의자
1954,community,공동생활체
1955,companion,동료
1956,company,교제
1957,compare,비교하다
1958,compatible,양립할 수 있는
1959,compel,억지로 -시키다
1960,compensate,배상하다
1961,compete,경쟁하다
1962,competent,능력있는
1963,compile,편찬하다
1964,complain,불평하다
1965,complement,보완하는 것
1966,complete,완성하다
1967,complex,합성물
1968,complicate,복잡하게 하다
1969,component,구성하는 성분
1970,compose,구성하다
1971,compound,성분 등을 혼합하다
1972,comprehensive,이해력있는
1973,comprise,포함하다
1974,compromise,타협 타협하다
1975,compulsory,의무적인
1976,conceal,숨기다
1977,conceive,상상하다
1978,concentrate,집중하다
1979,concept,개념
1980,concern,관계하다
1981,concert,연주회
1982,conclude,결정하다
1983,concrete,구체적인 응고물
1984,condemn,나무라다
1985,condition,조건
1986,conduct,행위 이끌다
1987,confer,주다
1988,confess,실토하다
1989,confident,확신하는
1990,confine,국경
1991,confirm,확인하다
1992,conflict,투쟁
1993,conform,일치시키다
1994,confront,직면하다
1995,confuse,혼란시키다
1996,congratulate,축하하다
1997,congress,회의
1998,connect,잇다 이어지다
1999,conscience,양심
2000,conscious,의식적인
2001,consensus,(의견 등의)일치
2002,consent,승낙하다
2003,conserve,보존하다
2004,consider,숙고하다
2006,consistent,시종일관한
2007,constant,불변의
2008,constitute,구성하다
2009,constrain,강제하다
2010,construct,건조하다
2011,consult,상의하다
2012,consume,소비하다
2013,contact,접촉
2014,contain,내포하다
2015,contemporary,현대의
2016,contend,싸우다
2017,content,만족하여
2018,contest,겨루다
2019,context,문맥
2020,continent,자제심이 있는
2021,continue,계속하다
2022,contract,계약
2023,contradict,반박하다
2024,contrary,반대의 반대 거꾸로
2025,contrast,대조
2026,contribute,기부하다
2027,control,억제하다
2028,controversy,논쟁
2029,convenient,편리한
2030,convention,관례
2031,conversation,회화
2032,convert,바꾸다
2033,convey,나르다
2034,convict,유죄로 판결하다 죄수
2035,convince,확신시키다
2036,cook,요리하다 요리사
2037,cookie,쿠키
2038,cool,서늘한
2039,cooperate,협동하다
2040,coordinate,동격의
2041,cop,순경
2042,cope,코우프(성직자의 긴 겉옷)
2043,copy,사본
2044,copyright,판권
2045,cord,밧줄
2046,core,핵심
2047,corn,티눈
2048,corner,모퉁이
2049,corporate,법인조직의
2050,correct,옳은
2051,correspond,일치하다
2052,corridor,복도
2053,corrupt,타락한
2054,cost,가격
2055,costume,복장
2056,cottage,시골집
2057,cotton,목화
2058,couch,침대
2059,cough,기침 기침을 하다 기침을 하여 -을 뱉어내다
2060,could,aucan의 과거
2061,council,회의
2062,counsel,의논
2063,count,계산
2064,counter,계산하는 사람
2065,counterpart,부본
2066,country,나라
2067,countryside,시골
2068,county,주
2069,couple,한 쌍
2070,courage,용기
2071,cousin,사촌
2072,cover,덮다
2073,cow,위협하다 암소
2074,cowboy,목동
2075,crack,찰싹 소리내다 금가다 날카로운소리
2076,craft,솜씨
2077,crash,도산
2078,crawl,네발로 기다
2079,crazy,미친
2080,create,창조하다
2081,creature,창조물
2082,credible,믿을 수 있는
2083,credit,신용
2084,creek,시내
2085,creep,기다
2086,crew,승무원
2087,cricket,크리켓
2088,crime,범죄
2089,criminal,죄의
2090,crisis,위기
2091,crisp,파삭파삭한
2092,criteria,criterion의 복수형
2093,critic,비평가
2094,criticize,비평하다
2095,criticism,비평
2096,crop,수확
2097,cross,십자형
2098,crowd,군중
2099,crown,왕관
2100,crucial,결정적인
2101,cruel,잔인한
2102,cruise,순항하다
2103,crush,눌러 부수다
2104,cry,소리치다
2105,crystal,수정
2106,cultivate,경작하다
2107,culture,문화
2108,cupboard,찬장
2109,cure,치료
2110,curious,이상스러운
2111,curl,곱슬머리 머리털을 지지다
2112,currency,통용
2113,current,유행의
2114,curriculum,과목
2115,curry,카레요리 카레로 맛을 내다
2116,curse,저주
2117,curtain,커어튼
2118,curve,곡선
2119,custody,보호
2120,custom,습관
2121,customer,고객
2122,cut,베다
2123,cute,귀여운
2124,cycle,순환
2125,cynical,냉소적인
2126,dad,아빠
2127,dairy,낙농장
2128,dam,댐
2129,damage,손해
2130,damp,축축한 습기 적시다
2131,dance,댄스
2132,danger,위험
2133,dare,au감히 -하다
2134,dark,어두운
2135,darling,귀여운
2136,dash,돌진
2137,database,데이터베이스
2138,date,날짜
2139,daughter,딸
2140,dawn,새벽 날이 새다
2141,day,낮
2142,dead,죽은
2143,deal,양
2144,death,죽음
2145,debate,토론 토론하다
2146,debt,빚
2147,decade,10년간
2148,decay,쇠퇴하다
2149,decent,점잖은
2150,decide,결정하다
2151,decision,결정
2152,deck,갑판
2153,declare,선언하다
2154,decline,기울다
2155,decorate,장식하다
2156,decrease,감소하다
2157,dedicate,봉납하다
2158,deep,깊은
2159,defeat,패배
2160,defense,방어
2161,defend,방어하다
2162,defendant,피고 피고의
2163,deficiency,결핍
2164,deficit,결손
2165,define,정의하다
2166,definite,일정한
2167,degrade,지위를 낮추다
2168,degree,도
2169,delay,늦추다
2170,delegate,파견하다
2171,delete,삭제하다
2172,deliberate,숙고하다
2173,delicate,미묘한
2174,delicious,맛있는
2175,delight,즐겁게하다 즐거워하다
2176,deliver,인도하다
2177,demand,요구하다
2178,democracy,민주주의
2179,democrat,민주주의자
2180,demon,악마
2181,demonstrate,증명하다
2182,dense,짙은
2183,dentist,치과의사
2184,deny,부정하다
2185,department,부
2186,departure,출발
2187,depend,좌우되다
2188,dependence,종속
2189,depict,묘사하다
2190,deposit,예금
2191,depress,억압하다
2192,deprive,빼앗다
2193,derive,이끌어 내다
2194,descend,내려오다
2195,describe,기술하다
2196,description,서술
2197,desert,버리다
2198,deserve, -할 만하다
2199,design,디자인
2200,designate,가리키다
2201,desire,바라다
2202,desk,책상
2203,despair,절망하다
2204,desperate,절망적인
2206,destination,목적지
2207,destiny,운명
2208,destroy,파괴하다
2209,destruction,파괴
2210,detach,분리하다
2211,detail,상설
2212,detect,간파하다
2213,determine,결정하다
2214,develop,발달하다
2215,device,고안
2216,devil,악마
2217,devise,고안하다
2218,devote,바치다
2219,diabetes,당뇨병
2220,dialogue,대화
2221,diary,일기
2222,dictate,받아쓰게 하다
2223,dictionary,사전
2224,die,죽다
2225,different,다른
2226,difficult,곤란한
2227,dig,파다
2228,dignity,위엄
2229,dimension,치수
2230,diminish,감소하다
2231,dine,저녁식사를 하다
2232,dinner,정찬
2233,dip,담그다
2234,diplomat,외교관
2235,direct,지도하다
2236,dirty,더러운
2237,disabled,불구가 된
2238,disadvantage,불리
2239,disagree,일치하지 않다
2240,disappear,안보이게 되다
2241,disappoint,실망시키다
2242,disaster,천재
2243,discharge,짐을부리다
2244,discipline,훈련
2245,disclose,나타내다
2246,discount,할인
2247,discourse,강연
2248,discover,발견하다
2249,discriminate,분별하다
2250,discuss,토론하다
2251,disease,병
2252,disgust,불쾌하게 하다
2253,dish,접시
2254,dismiss,떠나게 하다
2255,disorder,난잡
2256,displace,바꾸어놓다
2257,display,보이다
2258,dispose,배열하다
2259,dispute,논쟁하다
2260,disrupt,분열시키다
2261,distant,떨어진
2262,distort,찌그러뜨리다
2263,distract,전환시키다
2264,distribute,분배하다
2265,district,지구
2266,disturb,교란하다
2267,dive,뛰어들다
2268,diverse,다양한
2269,divide,나누다
2270,divine,신의
2271,divorce,이혼
2272,do,하다
2273,doctor,박사
2274,document,서류
2275,dog,개
2276,doll,인형
2277,dolphin,돌고래
2278,domain,영토
2279,domestic,가정의
2280,dominant,우세한
2281,donate,증여하다
2282,door,문
2283,dose,1회복용량 투약하다
2284,dot,점
2285,double,2배의
2286,doubt,의심
2287,down,아래로
2288,dozen,1다스
2289,draft,초고
2290,drag,끌다
2291,drain,배수하다
2292,draw,당기다
2293,drawer,제도사
2294,dread,두려워하다 두려움
2295,dream,꿈
2296,drink,마시다
2297,drive,운전하다
2298,drop,방울
2299,drown,물에빠뜨리다
2300,drug,약제
2301,dry,마른
2302,dual,둘의
2303,duck,머리를 물 속에 쑥 쳐박다
2304,due,지급기일이 된
2305,dull,둔한
2306,dump,내버리다
2308,dust,먼지
2309,duty,의무
2310,dwell,거주하다
2311,dynamic,동적인
2312,each,각각의
2313,eager,열심인
2314,ear,귀
2315,early,이른
2316,earn,일하여 벌다
2317,earth,지구
2318,ease,안락
2319,east,동쪽 동쪽의 동쪽으로
2320,easy,쉬운
2321,eat,먹다
2322,economy,절약
2323,edge,끝머리
2324,edit,편집하다
2325,educate,교육하다
2326,effect,결과
2327,effective,효과적인
2328,efficient,능률적인
2329,effort,노력
2330,egg,알
2331,either,어느 하나의
2332,elaborate,공들인
2333,elect,선거하다
2334,electric,전기의
2335,electronic,전자(학)의
2336,elegant,우아한
2337,element,요소
2338,elementary,기본의
2339,elephant,코끼리
2340,eliminate,제거하다
2341,else,그 밖에
2342,embarrass,난처하게 하다
2343,embassy,대사관
2344,embrace,포옹하다
2345,emerge,나오다
2346,emergency,비상사태
2347,emit,방사하다
2348,emotion,감정
2349,emphasis,강조
2350,empire,제국
2351,employ,고용하다
2352,empty,빈
2353,enclose,에워싸다
2354,encounter,조우
2355,encourage,용기를 돋우다
2356,end,끝
2357,endure,견디다
2358,enemy,적
2359,enforce,실시하다
2360,engage,약속하다
2361,engine,엔진
2362,engineer,기사
2363,enhance,향상하다
2364,enjoy,즐기다
2365,enormous,거대한
2366,enough,충분한
2367,enroll,명부에 올리다
2369,enter,들어가다
2370,enterprise,기획
2371,entertain,즐겁게 하다
2372,enthusiastic,열심인
2373,entire,전체의
2374,entitle,자격을 주다
2375,entry,들어감
2376,envelope,봉투
2377,environment,환경
2378,envy,질투
2379,episode,삽화
2380,equal,같은
2381,equate,같게하다
2382,equipment,장비
2383,era,시대
2384,eraser,지우는 사람
2385,erect,똑바로 선
2386,error,잘못
2387,escape,도망하다
2388,escort,호위하다
2389,especially,특히
2390,essential,본질적인
2391,establish,확립하다
2392,estate,토지
2393,estimate,어림잡다
2394,etc,등등
2395,ethical,도덕상의
2396,ethnic,인종의
2397,evacuate,비우다
2398,evaluate,평가하다
2399,eve,"저녁, 밤"
2401,evening,저녁
2402,eventually,결국
2403,ever,이전에
2404,every,모든
2405,evident,명백한
2406,evil,사악한
2407,evolution,진화
2408,evolve,진화하다
2409,exact,정확한
2410,exaggerate,과장하다
2411,exam,시험
2412,examine,시험하다
2413,example,보기
2414,exceed,넘다
2415,excellent,우수한
2417,excess,초과
2418,exchange,교환하다
2419,excite,흥분시키다
2420,exclude,배척하다
2421,exclusive,배타적인
2422,excuse,변명
2423,executive,집행의
2424,exercise,운동
2425,exhaust,다 써버리다
2426,exhibit,보이다
2427,exist,존재하다
2428,exit,출구
2429,exotic,외국의
2430,expand,펴다
2431,expect,기대하다
2432,expense,지출
2433,expensive,비용이 드는
2434,experience,경험
2435,experiment,실험
2436,expert,숙련가
2437,expertise,대가의 의견
2438,explain,설명하다
2439,explicit,명백한
2440,explode,폭발시키다
2441,explore,탐험하다
2442,export,수출하다 수출
2443,expose,"쐬다, 드러내다, 맞히다"
2444,express,발표하다
2445,extend,뻗다
2446,extent,넓이
2447,external,외부의
2448,extinct,꺼진
2449,extra,가외의
2450,extract,뽑아내다
2451,extraordinary,이상한
2452,extreme,극단의
2453,eye,눈
2454,eyebrow,눈썹
2455,fabric,천
2456,face,얼굴
2457,facilitate,쉽게하다
2458,facility,쉬움
2459,fact,사실
2460,factor,요소
2461,factory,공장
2462,faculty,능력
2463,fade,바래다
2464,fail,실패하다
2465,faint,기절하다
2466,fair,공평한
2467,faith,신용
2468,fall,떨어지다
2469,FALSE,거짓
2470,fame,명성
2471,familiar,친한
2472,family,가족
2473,famous,유명한
2474,fan,(영화 등의)팬
2475,fancy,공상
2476,fantastic,환상적인
2477,far,멀리
2478,fare,요금
2479,farm,농장
2480,fascinate,황홀케 하다
2481,fast,빠른
2482,fasten,단단히 고정시키다
2483,fat,살찐
2484,fatal,치명적인
2485,fate,숙명
2486,father,아버지
2487,fault,결점
2488,favor,호의
2489,favorite,마음에 드는 좋아하는 물건
2490,fear,두려움
2491,feature,얼굴의 생김새
2492,federal,연방의
2493,fee,요금
2494,feed,음식(먹이)을 주다
2495,feel,만져보다
2496,fellow,동무
2497,female,여성
2498,ferry,나루터
2499,fertile,비옥한
2500,fever,열
2501,few,소수의
2502,fiber,섬유
2503,field,들
2504,fierce,흉포한
2505,fight,싸움
2506,figure,모습
2507,file,종이끼우개
2508,fill,가득 채우다
2509,filter,여과기 여과하다
2510,final,최후의
2511,finance,재정
2512,find,발견하다
2513,fine,훌륭한
2514,finger,손가락 손가락을 대다
2515,finish,끝내다
2516,finite,한정되어 있는
2517,fire,불
2518,firm,굳은
2519,fish,물고기
2520,fist,주먹
2521,fit,맞는
2522,fix,고정시키다
2523,flag,기
2524,flame,불꽃
2525,flash,번쩍임
2526,flat,편평한
2527,flavor,(독특한)맛
2528,flaw,금
2529,flee,달아나다
2530,flesh,살
2531,flexible,구부리기 쉬운
2532,flight,날기
2533,flip,튀기다 홱 움직이다 튀기기
2534,float,뜨다
2535,flock,무리
2536,flood,홍수
2537,floor,마룻바닥
2538,flourish,번창하다
2539,flow,흐르다
2540,flower,꽃
2541,fluid,유동성의
2542,flush,왈칵흐르다
2543,fly,날다
2544,focus,초점
2545,fog,안개
2546,fold,주름
2547,folk,사람들
2548,follow,쫓다
2549,fond,좋아하는
2550,food,음식
2551,fool,바보
2552,foot,발
2553,football,축구
2554,for,대신에
2555,forbid,금하다
2556,force,힘
2557,forecast,예상
2558,forehead,이마
2559,foreign,외국의
2560,forest,숲
2561,forever,영원히
2562,forget,잊다
2563,forgive,용서하다
2564,form,모양
2565,formal,형식상의
2566,format,(서적의)체제
2567,formation,형성
2568,former,이전의
2569,formula,공식
2570,forth,앞으로
2571,fortunate,운좋은
2572,fortune,운
2573,forum,공개토론회
2574,forward,앞쪽에
2575,foster,기르다
2576,foundation,기초
2577,fountain,샘
2578,fox,교활한 사람
2579,fraction,분수
2580,frame,구조
2581,framework,뼈대
2582,frankly,솔직히
2583,free,자유로운
2584,freeze,얼다
2585,frequent,빈번한
2586,fresh,새로운
2587,friend,친구
2588,fright,(갑자기 엄습하는)공포
2589,frog,개구리
2590,from,"(분리,이탈,출발점,기점)-로 부터"
2591,front,정면
2592,frost,서리
2593,frown,눈살을 찌푸리다
2594,fruit,과일
2595,frustrate,(계획 등을)좌절시키다
2596,fry,기름으로 튀기다
2597,fuel,연료
2598,fulfil,이행하다
2599,full,가득찬
2600,fun,즐거운 생각
2601,function,기능
2602,fund,기금
2603,fundamental,기초(기준)의
2604,funeral,장사
2605,fur,모피
2606,furious,노하여 펄펄뛰는
2607,furnish,공급하다
2608,furniture,가구
2609,furthermore,더우기
2610,fuse,신관
2611,future,미래
2612,gain,얻다
2613,gamble,도박하다 도박 도박해서 잃다
2614,gang,한 떼
2615,gap,갈라진 틈
2616,garage,차고
2617,garden,뜰
2618,gasoline,가솔린
2619,gate,문
2620,gather,그러모으다
2621,gaze,지켜보다
2622,gear,톱니바퀴
2623,gender,성
2624,gene,유전(인)자
2625,general,일반적인
2626,generate,낳다
2627,generation,일대
2628,generous,광대한
2629,genius,천재
2630,genre,유형
2631,gentle,온화한
2632,gentleman,신사
2633,genuine,진짜의
2634,geography,지리
2635,geology,지질학
2636,gesture,몸짓
2637,get,얻다
2638,ghost,유령
2639,giant,거인
2640,gift,선물
2641,giraffe,기린
2642,girl,소녀
2643,give,주다
2644,glad,기쁜
2645,glance,흘긋 봄
2646,glare,번쩍이는 빛
2647,glass,유리
2648,glimpse,흘끗 봄
2649,global,공모양의
2650,glory,영광
2651,glove,장갑
2652,glow,타다
2653,glue,아교
2654,go,가다
2655,goal,결승점
2656,goat,염소
2657,god,신
2658,gold,금
2659,good,좋은
2660,goodbye,안녕히 가세요
2661,goods,상품
2662,gorgeous,호화로운
2663,govern,다스리다
2664,grab,붙잡다(=snatch)
2665,grace,은총
2666,grade,등급
2667,gradual,점차적인
2668,graduate,학위를 수여하다
2669,grain,곡물
2670,grand,위대한
2671,grandfather,할아버지
2672,grant,받아들이다
2673,grape,포도
2674,graphic,그려 놓은 듯한
2675,grasp,붙잡다
2676,grass,풀밭
2677,grateful,고맙게 생각하는
2678,grave,무덤
2679,great,커다란
2680,greed,탐욕
2681,green,초록색
2682,greet,인사하다
2683,grey,회색의
2684,grief,심한 슬픔(deep sorrow)
2685,grip,잡기
2686,grocery,식품잡화류
2687,gross,총계의
2688,ground,땅
2689,group,집단
2690,grow,성장하다
2691,guarantee,보증하다
2692,guardian,보호자
2693,guess,추측(짐작)하다
2694,guest,손님
2695,guide,이끌다
2696,guideline,지침
2697,guilty,죄지은
2698,gulf,만
2699,gun,총
2700,guy,녀석
2701,gymnasium,실내체조장
2702,habit,습관
2703,habitat,(동물의)자연번식지
2704,hair,털
2705,half,반
2706,hall,회관
2707,halt,멈춰서다
2708,hammer,망치
2709,hand,손
2710,handicap,불리한 조건
2711,handle,손잡이
2712,handsome,얼굴(자태)이 잘생긴
2713,hang,걸다
2714,happen,(사건 등이)일어나다
2715,happy,행운의
2716,harbor,항구
2717,hard,단단한
2718,hardly,거의 -아니다
2719,harm,해
2720,harsh,거친
2721,harvest,수확
2722,haste,급함
2723,hat,(테있는)모자 모자를 씌우다
2724,hate,미워하다
2725,haunt,자주가다
2726,have,가지(고 있)다
2727,hazard,위험
2728,he,(3인칭단수 남성)그
2729,head,머리
2730,headache,두통
2731,headquarters,본부
2732,heal,고치다
2733,health,건강
2734,hear,듣다
2735,heart,심장
2736,heat,열
2737,heaven,하늘
2738,heavy,무거운
2739,heel,발뒤꿈치
2740,height,높이
2741,heir,상속인
2742,helicopter,헬리콥터
2743,hell,지옥
2744,hello,여보
2745,help,돕다
2746,hence,그러므로
2747,here,여기에
2748,heritage,세습 재산
2749,hero,영웅
2750,hesitate,주저하다
2751,hide,감추다
2752,high,높은
2753,highway,대도
2754,hill,"언덕, 낮은 산 인도 고지"
2755,hip,엉덩이
2756,hire,고용하다
2757,history,역사
2758,hit,명중하다
2759,hobby,취미
2760,hold,손에 갖고 있다
2761,hole,구멍
2762,holiday,휴일
2763,holy,신성한
2764,home,가정
2765,homework,숙제
2766,honest,정직한
2767,honey,벌꿀
2768,honor,명예
2769,hook,갈고리
2770,hope,희망
2771,horizon,지평선
2772,horn,뿔
2773,horror,공포
2774,horse,말
2775,hospital,병원
2776,host,"주인, 집주인 노릇, 호스트"
2777,hostage,볼모
2778,hostile,반대하는
2779,hot,뜨거운
2780,hour,시간
2781,house,집
2782,household,가족
2783,how,어떻게
2784,however,아무리
2785,hug,꼭 껴안다
2786,huge,거대한
2787,human,인간의
2788,humor,유우머
2789,hundred,100 100의
2790,hungry,배고픈
2791,hunt,사냥하다
2792,hurry,서두르다
2793,hurt,상처내다
2794,husband,남편 절약하다
2795,hut,오두막
2796,hypothesis,가설
2797,I,"나는, 내가"
2798,ice,얼음
2799,idea,관념
2800,ideal,이상
2801,identical,아주 동일한
2802,identify,동일시하다
2803,ideology,공리
2804,if,만일 -이라면
2805,ignore,무시하다
2806,ill,병든
2807,illusion,환영
2808,illustrate,설명하다
2809,imagine,상상하다
2810,imitate,흉내내다
2811,immediate,직접의
2812,immense,무한한
2813,immigrate,이주하다
2814,immune,면역성의
2815,impact,충격
2816,imperial,제국의
2817,implement,기구
2818,imply,함축하다
2819,import,수입하다
2820,important,중요한
2821,impose,부과하다
2822,impress,인상지우다
2823,improve,개선하다
2825,incentive,자극적인
2826,incident,사건
2827,incline,기울이다
2828,include,포함하다
2829,income,수입
2830,incorporate,합동시키다
2831,increase,늘다
2832,incredible,믿을 수 없는
2833,indeed,참으로
2834,independent,독립한
2835,index,색인
2836,indicate,지적하다
2837,individual,개인
2838,induce,꾀다
2839,industry,공업
2840,inevitable,피할 수 없는
2841,infant,유아
2842,infect,감염시키다
2843,infer,추론하다
2844,inflate,부풀게 하다
2845,influence,영향력
2846,inform,알리다
2847,informal,비공식의
2848,ingredient,성분
2849,inhabit,살다
2850,inherent,생태의
2851,inhibit,금하다
2852,initial,처음의
2853,initiate,시작하다
2854,inject,주사하다
2855,injure,해치다
2856,inn,여인숙
2857,innocent,무구한
2858,innovate,새롭게 하다
2859,input,투입
2860,inquire,묻다
2861,insect,곤충
2862,insert,끼워넣다
2863,inside,안쪽
2864,insight,통찰(력)
2865,insist,주장하다
2866,inspect,검사하다
2867,inspire,영감을 주다
2868,install,설치하다
2869,instance,실례
2870,instant,즉시의
2871,instead,그 대신에
2872,instinct,본능
2873,institute,만들다
2874,instruct,가르치다
2875,instrument,기구
2876,insult,모욕하다
2877,insure,보증하다
2878,integrate,통합하다
2879,intellectual,지적인
2880,intelligent,지적인
2882,intense,강렬한
2883,intent,의향
2884,interact,서로 작용하다
2885,interest,흥미
2886,interfere,간섭하다
2887,intermediate,중간의 중간물
2888,internal,내부의
2889,international,국제적인
2890,interpret,해석하다
2891,interrupt,훼방놓다
2892,interval,간격
2893,intervene,사이에 들다
2894,intimate,친밀한
2896,intrigue,음모
2897,introduce,안으로 들이다
2898,invade,침입하다
2899,invent,발명하다
2900,invest,투자하다
2901,investigate,조사하다
2902,invite,초대하다
2903,involve,말아넣다
2904,iron,쇠
2905,irony,반어
2906,irritate,노하게 하다
2907,island,섬
2908,isolate,고립시키다
2909,it,그것은
2910,item,조항
2911,jail,교도소
2912,jar,(아가리가 넓은)항아리
2913,jaw,턱
2914,jeans,청바지
2915,jet,(가스등의)분출
2916,job,일
2917,jog,살짝 밀다 덜커덕 움직이다 고르지 않음
2918,join,결합하다
2919,joint,이음매
2920,joke,농담
2921,journal,일간신문
2922,journey,여행
2923,joy,즐거움
2924,judge,재판관
2925,judicial,사법의
2926,junior,손아래사람
2927,jury,배심
2928,just,올바른
2929,justice,정의
2930,justify,옳다고 하다
2931,keen,날카로운
2932,keep,계속하다
2933,key,열쇠
2934,kick,걷어차다
2935,kid,아이
2936,kill,죽이다
2937,kind,친절한
2938,king,왕
2939,kit,연장통
2940,kitchen,부엌
2941,knee,무릎
2942,knife,나이프
2943,knight,(중세의)기사
2944,knock,치다
2945,knot,매듭(=tie)
2946,know,알다
2947,label,라벨
2948,labor,노동
2949,laboratory,실험실
2950,lack,결핍
2951,ladder,사닥다리
2952,lady,귀부인
2953,lake,호수
2954,lamb,어린 양
2955,lamp,등
2956,land,뭍
2957,landscape,풍경
2958,lane,좁은길
2959,language,언어
2960,lap,무릎
2961,large,큰
2962,last,계속하다
2963,late,늦은
2964,latter,뒤쪽의
2965,laugh,(소리내어)웃다
2966,launch,진수시키다
2967,laundry,세탁물
2968,law,법률
2969,lawn,잔디밭
2970,lawyer,법률가
2971,lay,눕히다
2972,layer,층
2973,lazy,게으른
2974,lead,이끌다
2975,leaf,잎
2976,leak,샘
2977,lean,기대다
2978,leap,껑충 뛰다
2979,learn,배우다
2980,lease,임대차
2981,leather,무두질한 가죽
2982,leave,남기고가다
2983,lecture,강의
2984,left,왼쪽의
2985,leg,다리
2986,legal,법률상의
2987,legend,전설
2988,legislate,법률을 제정하다
2989,legitimate,합법의
2990,leisure,틈
2991,lend,빌리다
2992,lesson,학과
2993,let,시키다
2994,letter,편지
2995,level,수평의
2996,liberal,자유주의의
2997,liberty,자유
2998,library,도서관
2999,license,면허
3000,lid,뚜껑
3001,lie,눕다
3002,lift,끌어올리다
3003,light,빛
3004,like,좋아하다
3005,likely,있을 법한
3006,likewise,"같이, 마찬가지로"
3007,limit,한계
3008,line,선
3009,linguistic,말의
3010,link,사슬의 고리
3011,lion,사자
3012,lip,입술
3013,liquid,액체
3014,list,일람표
3015,listen,경청하다
3016,literal,문자의
3017,literature,문학
3018,little,작은
3019,live,살다
3020,livingroom,거실
3021,load,짐
3022,loan,대부
3023,local,장소의
3024,locate,관청 등을 두다
3025,lock,자물쇠
3026,log,통나무
3027,logic,논리학
3028,lone,혼자의
3029,long,"(길이,시간 등)긴"
3030,look,보다
3031,loose,풀어진
3032,lose,잃다
3033,loss,잃음
3034,lot,제비
3035,loud,시끄러운
3036,lounge,빈둥거리다
3037,love,사랑
3038,low,낮은
3039,loyal,충성스러운
3040,luck,운
3041,lump,덩어리
3042,lunch,점심
3043,luxury,사치
3044,machine,기계
3045,mad,미친
3046,magazine,잡지
3047,magnet,자석
3048,magnificent,장대한
3049,mail,우편물
3050,main,주요한
3051,maintain,계속하다
3052,major,큰쪽의
3053,majority,대다수
3054,make,만들다
3055,male,남성의
3056,man,남자
3057,manage,관리하다
3058,manifest,명백히 하다
3059,manipulate,(손으로)다루다
3060,manner,방법
3061,manufacture,제조하다
3062,many,많은
3063,map,지도
3064,margin,가장자리
3065,marine,바다의
3066,mark,표
3067,marry,결혼하다
3068,marvel,경이
3069,mass,덩어리
3070,master,장
3071,match,성냥
3072,mate,상대
3073,material,원료
3074,mathematics,수학
3075,matter,물질
3076,mature,익은
3077,maximum,최고점
3078,may,"5월  청춘, 인생의 봄  산사나무, 아가위나무"
3079,maybe,아마
3080,mayor,시장
3081,meal,식사
3082,mean,의미하다
3083,meantime,그동안 그 사이에
3084,meanwhile,그동안
3085,measure,재다
3086,meat,(식용짐승의)고기
3087,mechanic,직공
3088,mechanism,(기계)장치
3089,mediate,중재하다
3090,medical,의학의
3091,medicine,약
3092,medieval,중세(풍)의
3093,medium,중간
3095,melt,녹다
3096,memory,기억
3097,mental,마음의
3098,mention,말하다
3099,merchant,상인
3100,mere,단순한
3101,merge,합병하다
3102,merit,장점
3103,mess,혼란
3104,metal,금속
3105,method,방법
3106,metropolitan,수도권(의)
3107,microphone,확성기
3108,microwave,극초단파 전자레인지로 요리하다
3109,middle,한복판의
3110,might,힘
3111,migrate,이주하다
3112,mild,온후한
3113,military,군의
3114,milk,젖
3115,mill,멧돌
3116,million,백만
3117,mind,마음
3118,miner,광산업자
3119,mineral,광물
3120,minimal,최소(한도)의
3121,minimum,최소 한도
3122,ministry,장관(목사)의 직(소임)
3123,minor,작은 편의
3124,minute,분
3125,miracle,기적
3126,mirror,거울
3127,miss,미혼 여성 실수하다
3128,missile,미사일
3129,mission,사명
3130,mistake,틀리다
3131,mix,섞다
3132,mobile,움직이기 쉬운
3133,mock,조롱하다
3134,mode,방법
3135,moderate,절제하는
3136,modern,현대의
3137,modest,겸손한
3138,modify,변경하다
3139,moisture,습기
3140,molecule,분자
3141,moment,순간
3142,money,금전
3143,monitor,충고자
3144,monkey,원숭이
3145,monster,괴물
3146,month,월
3147,monument,기념비
3148,mood,(일시적인)기분
3149,moon,달
3150,moral,도덕의
3151,moreover,그 위에
3152,morning,아침
3153,mortal,죽을운명의
3154,mother,어머니
3155,motion,운동
3156,motive,동기
3157,mount,산
3158,mountain,산
3159,mouse,새앙쥐
3160,mouth,입
3161,move,움직이다
3162,movie,영화
3163,much,많은
3164,mud,진흙
3165,multiple,복합의
3166,multiply,늘리다
3167,murder,살인
3168,muscle,근육
3169,museum,박물관
3170,mushroom,버섯
3171,music,음악
3173,mutual,상호의
3174,myth,신화
3175,nail,손톱
3176,naive,소박한
3177,naked,발가벗은
3179,nanny,유모
3180,narrate,이야기하다
3181,narrow,좁은
3182,nasty,불쾌한
3183,nation,국가
3184,native,타고난
3185,nature,자연
3186,navy,해군(력)
3187,near,가까이 -의 가까이에 가까운 접근하다
3188,neat,산뜻한
3189,necessary,필요한
3190,neck,목
3191,need,필요
3192,needle,바늘 바늘로 꿰매다 바느질하다 아슬아슬한
3193,negative,부정적인
3194,neglect,게을리 하다
3195,negotiate,교섭하다
3196,neighbor,이웃사람(나라)
3197,neither,(둘중)어느쪽도 -아니다 -도 아니다
3198,nephew,조카
3199,nervous,신경의
3200,nest,보금자리
3201,net,그물
3202,network,그물세공
3203,neutral,중립의
3204,never,결코 -아니다
3205,nevertheless,그럼에도 불구하고
3206,new,새로운
3207,newspaper,신문
3208,next,다음의
3209,nice,니스(프랑스 남부의 항구도시)
3210,night,밤
3211,nightmare,악몽
3212,no,무의
3213,noble,고귀한
3214,nobody,아무도 -않다 하찮은 사람
3215,nod,끄덕이다
3216,noise,소리
3217,nominate,추천하다
3218,none,아무도(조금도)-않다 조금도(결코)-않다
3219,nonetheless,역시
3220,nonsense,허튼 소리
3221,noon,정오
3223,norm,표준
3224,normal,표준(의)
3225,north,"북, 북 쪽, 북부"
3226,nose,코
3227,not,아니다
3228,note,기록
3229,nothing,아무것도 …없다
3230,notice,"통지, 통보"
3231,notion,"n,관념"
3232,novel,소설
3233,now,지금
3234,nowadays,"오늘날에는, 요즈음에는"
3235,nowhere,아무데도 …없다
3236,nuclear,"핵의, 핵을 형성하는 원자핵의"
3237,number,수
3238,numerous,"다 수의, 수많은, 셀 수 없이 많은"
3239,nun,수녀 집비둘기의 일종
3240,nurse,유모
3241,nut,견과
3242,oak,참나무
3243,obey,따르다
3244,object,사물
3245,objective,객관적인
3246,oblige,(의무를)별수없이 -하게하다
3247,observe,관찰하다
3248,obsess,늘러붙다
3249,obtain,얻다
3250,obvious,명백한
3251,occasion,경우
3252,occupation,일직업
3253,occupy,차지하다
3254,occur,일어나다
3255,ocean,대양
3256,odd,묘한
3257,of,출신의
3258,off,떨어져
3259,offend,성나게 하다
3260,offer,권하다
3261,office,임무
3262,officer,공무원
3263,official,공무원
3264,often,자주
3265,oil,기름
3266,old,늙은
3267,olive,올리브나무
3268,on,위에
3269,once,한번
3270,one,하나(의)
3271,only,유일한
3272,open,열다
3273,operate,움직이다
3274,opinion,의견
3275,opportunity,기회
3276,oppose,반대하다
3277,optimist,낙천가
3278,option,선택(권의 자유)
3279,or,혹은
3280,oral,구두의
3281,orbit,궤도
3282,orchestra,관현악단
3283,order,순서
3284,ordinary,보통의
3285,organ,(생물의)기관
3286,organic,유기체의
3287,organize,조직하다
3288,orient,동양 동양의 동쪽으로 향하게 하다
3289,origin,기원
3290,other,다른 다른 것 그렇지 않고
3291,otherwise,딴 방법으로는
3292,ought,au해야만 하다
3293,ounce,삵괭이
3294,out,밖으로
3295,outcome,결과
3296,outline,윤곽
3297,output,산출
3298,outrage,불법(적인 행위)
3299,outstanding,눈에 띄는
3300,over,위쪽
3301,overall,포괄(전면)적인 덧옷
3302,overcome,이기다
3303,overhead,머리위에 머리 위의
3304,overlap,겹치다
3305,overlook,내려다 보다
3306,overnight,전날밤의
3307,oversea,해외(로부터)의
3308,overwhelm,압도하다
3309,owe,지불할 의무가 있다
3310,own,자기자신의 소유하다
3311,pace,한걸음
3312,pack,꾸러미
3313,packet,다발
3314,pad,(및에)덧대는 것
3315,pain,고통
3316,paint,도료
3317,pair,한쌍
3318,palace,궁전
3319,pale,창백한
3320,palm,손바닥
3321,pan,남비 사금 등을 남비로 가려내다
3322,panel,판벽널
3323,panic,돌연한공포
3324,pants,바지
3325,paper,종이
3326,paragraph,(문장의)절
3327,parallel,평행의
3328,pardon,용서하다 용서
3329,parent,어버이
3330,park,공원
3331,parliament,의회
3332,part,부분
3333,participate,참가하다
3334,particle,입자
3335,particular,특수한
3336,pass,지나가다
3337,passage,"통행, 통과"
3338,passenger,승객
3339,passion,정열
3340,passport,여권
3341,past,과거
3342,pat,톡톡 가볍게 치다
3343,patch,깁는 헝겊
3344,patent,전매특허권 전매특허의
3345,path,작은 길
3346,patient,인내심이 강한 환자
3347,patrol,순회
3348,pattern,모범
3349,pause,중지
3350,pave,(도로를)포장하다
3351,pay,지불하다
3352,peace,평화
3353,peak,(뾰족한)끝
3354,pear,서양배
3355,peasant,농부
3356,peel,껍질을 벗기다 벗어지다 껍질
3357,peer,동료
3358,penalty,벌
3359,pencil,연필 연필로 쓰다
3360,people,사람들
3361,pepper,고추
3363,perceive,지각하다
3364,perfect,완전한
3365,perform,다하다
3366,perhaps,아마
3367,period,시간
3368,permanent,영구의
3369,permit,허가하다
3370,persist,고집하다
3371,person,사람
3372,personality,개성
3373,perspective,원근법의 원근 화법
3374,persuade,설득하다
3375,pet,애완동물
3376,phase,국면
3377,phenomenon,현상
3378,philosophy,철학
3379,photograph,사진 촬영하다
3380,phrase,구
3381,physical,물질의
3382,physics,물리학
3383,pick,따다
3384,picnic,소풍
3385,picture,그림
3386,piece,한 조각
3387,pig,돼지
3388,pile,쌓아 올린 것
3389,pill,알약
3390,pin,핀 핀으로 꽂다
3391,pinch,꼬집다
3392,pine,소나무 수척해 지다
3393,pink,연분홍색
3394,pioneer,개척자
3395,pitch,던지다
3396,pity,불쌍히 여김
3397,place,장소
3398,plain,분명한
3399,plan,계획
3400,planet,행성
3401,plant,실물
3402,plate,판
3403,platform,단
3404,play,놀다
3405,pleasant,기분 좋은
3406,please,기쁘게 하다
3407,pleasure,즐거움
3408,plenty,많음
3409,plot,음모
3410,plus,더하기의 -외에
3411,P.M.,오후
3412,pocket,포켓
3413,poem,시
3414,poet,시인
3415,point,점
3416,poison,독
3417,polar,남극의
3418,pole,폴란드사람
3419,police,경찰 경비하다
3420,policy,정책
3421,polish,"닦다, 갈다, 윤내다"
3422,polite,공손한
3423,politics,정치
3424,poll,투표
3426,pond,"못, 연못"
3427,pool,판돈
3428,poor,"가난한 부족한, 불충분한, 빈약한"
3429,pop,팝
3430,pope,로마 교황  최고 권위자로 자처하는 사람
3431,popular,"민중 의, 대중의"
3432,population,인구
3433,pork,돼지고기
3434,port,"항구, 항만, 상항"
3435,portion,"일부, 부분"
3436,portrait,초상
3437,pose,"자세, 포즈  마음가짐  꾸민 태도"
3438,position,위치
3439,positive,"명확한, 의문의 여지가 없는, 부정할 수 없는"
3440,possess,소유하다
3441,possible,가능한
3442,post,기둥
3443,poster,포스터
3444,pot,단지
3445,potato,감자
3446,potential,가능한
3447,pour,따르다
3448,powder,가루
3449,power,힘
3450,practical,실제의
3451,practice,연습
3452,praise,칭찬
3453,pray,빌다
3454,preach,설교하다
3456,precious,비싼
3457,precise,정확한
3458,predator,약탈자
3459,predict,"예언하다, 예보하다 예언하다"
3460,prefer,"오히려 …을 좋아하다,"
3461,pregnant,임신한 충만한
3462,prejudice,"편견, 선입관"
3463,premier,"국무 총리, 수상"
3464,premium,"할증금,  액면 초과액, 프리미엄"
3465,prepare,"준비하 다, 마련하다, 채비를 갖추다"
3466,prescribe,"명령하다, 지령하다"
3467,presence,"존재, 현존, 실재  출석, 임석, 참석"
3468,present,"있는, 존재하는"
3469,preserve,"보호하다, 지키다"
3470,president,대통령 회장
3471,press,강제로 모집하다
3472,presume,가정하다
3473,pretend,핑계삼다
3474,pretty,"예쁜, 귀여운, 참 한, 조촐한"
3475,prevail,"이기다, 극복하다, 압도하다 우세하다, 보급되다"
3476,prevent,"막다, 방해하다"
3477,previous,"앞의, 이전의"
3478,prey,먹이
3479,price,"값, 가격, 대가, 정가"
3480,pride,자존심
3481,priest,성직자
3482,primary,"첫째의, 제1위의, 수위의 초등의, 초보의"
3483,prime,"수위의, 최초의, 원시적인"
3484,primitive,"원시의, 초기의"
3485,prince,"왕자, 태자, 세자, 대군"
3486,principal,"주요한, 주된, 제일의, 앞장서는"
3487,principle,"원리, 원칙, 법칙, 공리"
3488,print,"인쇄하다, 프린트하다"
3489,prior,"이전의, 앞의"
3490,prison,교도소
3491,privacy,"남의 눈을 피함, 은거, 은둔, 은퇴 생활 사생활"
3492,private,"사적인, 사사로운, 개인에 속한"
3493,privilege,"특권, 특전, 특별 취급"
3494,prize,"상, 포상, 우등상, 선행상"
3495,probably,"아마, 십중팔구"
3496,problem,문제
3497,procedure,"진행, 경과 절차"
3498,proceed,"나아가다, 가다"
3499,process,"진행, 작용"
3500,produce,"생산하다, 산출하다, 생기게 하다,"
3501,profession,"직업 공언, 선언, 고백"
3502,professor,교수
3503,profile,"옆 얼굴, 반면상 인물 소개  태도, 자세"
3504,profit,"이익, 이득, 벌이"
3505,profound,"깊은, 심원한"
3506,progress,"진행, 전진, 진척  진보, 향상, 발달, 발전"
3507,prohibit,"금하다, 금지하다"
3508,prominent,"두드러진, 돌기한, 양각된 현저한, 탁월한, 중요한"
3509,promise,"약속, 서약, 계약"
3510,promote,"승진시키다 진행시키다,"
3511,prompt,"재빠른, 신속한, 즉시 …하는"
3512,pronounce,"발음하다, 음독하다"
3513,proof,증명
3514,proper,"고유의, 독특한, 본연의,  특유한"
3515,property,"재산, 자산"
3516,proportion,"비율, 비 균형, 조화"
3517,propose,"제의하다, 제출하다 추천하다, 지명하다"
3518,prospect,"전망, 조망, 경치"
3519,prosper,번영하다
3520,protect,"보호하다, 막다, 지키다, 비호하다"
3521,protein,IG1s
3522,protest,단언하다
3523,proud,"뽐내는, 자랑하는 자긍하는, 영광 으로 여기는"
3524,prove,"시험하다, 실험하다, 경험하다, 시험해 보다"
3525,provide,"준비하다, 미리 …에 대비하다  규정하다"
3526,province,"주, 성, 도  범위, 영역, 분야"
3527,provoke,화나게 하다
3528,psychology,심리학
3529,pub,펍
3530,public,"심리, 심리 상태"
3531,publish,"발표 하다, 널리 알리다"
3532,pull,"끌다, 당기다, 끌어 당기다, 잡아 끌다"
3533,pump,펌프스   댄스용 구두
3534,punch,"주먹질, 펀치  힘, 활기"
3535,punish,"벌하다, 응징하다, 처형하다"
3536,pupil,흔히 국민학교 중학교 학생
3537,puppy,강아지
3538,purchase,"사다, 구입하다"
3539,pure,"순수한  깨끗한, 순전한, 결백한"
3540,purple,자줏빛의  새빨간  제왕의
3541,purpose,목적
3542,pursue,"쫓다, 추적하다, 몰다"
3543,push,"밀다, 밀치다, 밀어서 움직 이다, 밀어 내다"
3544,put,"놓다, 두다"
3545,puzzle,"당황, 혼란 괴롭히는 사람,  어려운 문제"
3546,qualify,자격을 부여하다
3547,quality,질
3548,quantity,양
3549,quarter,1
3550,queen,여왕
3551,question,"물음, 질문, 질의"
3552,questionnaire,질문표
3553,quick,빠른
3554,quiet,조용한
3555,quit,"(의무,책임을)벗어난 떠나다"
3556,quite,아주
3557,quote,인용하다
3558,rabbit,집토끼
3559,race,인종
3560,racial,인종(상)의
3561,rage,격노
3562,rail,가로장
3563,rain,비
3564,rainbow,무지개
3565,raise,올리다
3566,rally,규합하다
3567,random,닥치는 대로의
3568,range,줄
3569,rank,열
3570,rapid,빠른
3571,rare,희귀한
3572,rat,쥐
3573,rate,율
3574,rather,오히려
3575,rational,합리적인
3576,raw,날것의
3577,reach,도착하다
3578,react,반응을 나타내다
3579,read,읽다
3580,ready,준비가 된
3581,real,실재하는
3582,realize,깨닫다
3583,rear,뒤
3584,reason,이성
3585,rebel,반역자
3586,recall,되부르다
3587,receipt,수령
3588,receive,받다
3589,recent,최근의
3590,reception,받음
3591,recipe,조리법
3592,recognize,인정하다
3593,recommend,추천하다
3594,record,기록하다
3595,recover,되찾다
3596,recruit,신병
3597,recycle,재생 이용하다
3598,red,붉은
3599,reduce,줄이다
3600,refer,조회시키다
3601,refine,정제정련하다
3602,reflect,반사하다
3603,reform,개정(개혁)하다
3604,refrigerator,냉장고
3605,refuse,거절하다
3606,regard,주목해서 보다
3607,region,지방
3608,register,기록
3609,regret,유감
3610,regular,규칙적인
3611,regulate,규정하다
3612,reinforce,보강하다
3613,reject,거절하다
3614,relate,이야기하다
3615,relative,친척
3616,relax,늦추다
3617,release,도와주다
3618,relevant,관련된
3619,relieve,구출하다
3620,religion,종교
3621,reluctant,마음이 내키지 않는
3622,rely,믿다
3623,remain,남다
3624,remark,깨닫다
3625,remedy,치료
3626,remember,기억하고 있다
3627,remind,생각나게 하다
3628,remote,먼
3629,remove,옮기다
3630,rent,지대
3631,repair,수선(수정)하다
3632,repeat,반복하다
3633,replace,되돌려 놓다
3634,reply,대답하다
3635,report,보고
3636,represent,표현(묘사)하다
3637,republic,공화국
3638,reputation,평판
3639,request,부탁하다
3640,require,요구하다
3641,rescue,구하다
3642,research,연구
3643,resemble,닮다
3644,reserve,따로 두다
3645,reside,거주하다
3646,resign,사임하다
3647,resist,저항하다
3648,resolve,분해하다
3649,resort,(자주)가다
3650,resource,자원
3651,respect,존경하다
3652,respective,각각의
3653,respond,대답하다
3654,responsible,책임을 져야할
3655,rest,휴식
3656,restaurant,요리점
3657,restore,반환하다
3658,restrain,제지하다
3659,restrict,제한하다
3660,restroom,화장실
3661,result,결과
3662,resume,다시 잡다
3663,retail,소매
3664,retain,보유하다
3665,retire,퇴직하다
3666,retreat,후퇴
3667,return,돌아가다
3668,reveal,나타내다
3669,revenge,복수
3670,reverse,역
3671,review,재조사
3672,revise,교정하다
3673,revive,소생하다
3674,revolution,혁명
3675,reward,보수
3676,rhythm,율동
3677,rice,쌀
3678,rich,부자인
3679,rid,면하게하다
3680,ride,타다
3681,ridiculous,어리석은
3682,right,올바른
3683,ring,고리
3684,riot,"폭동, 소요, 소동   야단법석, 다채로움,"
3685,rise,올리다
3686,risk,위험 걸다
3687,rival,경쟁자 경쟁하는 경쟁하다
3688,river,강
3689,road,길
3690,roar,으르렁거리다 으르렁소리
3691,roast,불에 쬐어 굽다 불고기 구운
3692,rob,"강탈하다, 약탈하다, 빼앗다"
3693,rock,바위
3694,rod,막대
3695,role,(배우의)역
3696,roll,구르다
3697,romantic,전기소설적인
3698,roof,지붕
3699,room,방
3700,root,뿌리
3701,rope,새끼
3702,rot,썩다
3703,rough,거친
3704,round,둥근 원 돌아서
3705,route,길
3706,routine,정해진 일
3707,row,줄
3708,royal,왕의
3709,rub,마찰하다
3710,rubber,맛사지사
3711,rude,버릇없는
3712,ruin,파멸
3713,rule,규칙
3714,rumor,소문
3715,run,달리다
3716,rural,시골의
3717,rush,돌진하다
3718,sack,마대
3719,sacred,신성한
3720,sacrifice,희생
3721,sad,슬픈
3722,safe,안전한
3723,sail,돛
3724,salary,봉급 봉급을 주다
3725,sale,판매
3726,salon,객실
3727,salt,소금
3728,same,같은
3729,sand,모래사장
3730,satellite,위성
3731,satisfy,만족시키다
3732,save,위험에서 구하다
3733,say,말하다
3734,scale,비늘(모양의 것)
3735,scan,시의 운율을살피다
3736,scandal,추문
3737,scarce,부족한
3738,scare,위협하다
3739,scatter,뿔뿔이 흩어 버리다
3740,scene,장면
3741,scheme,계획
3742,scholar,학자
3743,school,학교
3744,science,과학
3745,scissors,가위
3746,scold,꾸짖다 잔소리 심한 사람
3747,scope,범위
3748,score,득점
3749,scramble,기다
3750,scratch,"할퀴다, 할퀴어 상처 를 내다  긁다"
3751,scream,비명을 지르다
3752,screen,병풍
3753,screw,나사
3754,scrub,(관목의)숲
3755,sculpture,조각 조각하다
3756,sea,바다
3757,seal,인장
3758,search,찾다
3759,season,계절
3760,seat,좌석
3761,secret,비밀의
3762,secretary,비서
3763,sector,부채꼴
3764,secure,안전한
3765,see,보다
3766,seed,씨앗
3767,seek,찾다
3769,seize,붙잡다
3770,select,고르다
3771,self,자기
3772,sell,팔다
3773,send,보내다
3774,senior,연상의
3775,sensation,감각
3776,sense,감각
3777,sensible,분별있는
3778,sentence,문장
3779,sentiment,정서
3780,separate,분리된
3781,sequence,연속
3782,series,연속
3783,serious,진지한
3784,serve,섬기다
3785,session,개회
3786,settle,등받이가 높은 긴 의자 놓다
3787,several,수개의
3788,severe,호된
3789,sew,꿰매다
3790,sex,성
3791,shade,그늘
3792,shadow,그림자
3793,shake,흔들어 움직이다
3794,shall,au-하겠다
3795,shallow,얕은 얕은 곳 얕아지다
3796,shame,부끄럼
3797,shape,모양
3798,share,몫
3799,sharp,날카로운
3800,shave,깎다
3801,she,그녀는
3802,sheep,양
3803,sheet,깔천
3804,shelf,선반
3805,shell,겉껍질
3806,shelter,피난처
3807,shield,방패
3808,shift,옮기다
3809,shine,빛나다
3810,ship,배
3811,shock,격돌
3812,shoe,구두
3813,shoot,쏘다
3814,shop,상점
3815,shore,물가
3816,short,짧은
3817,should,aushall의 과거
3818,shoulder,어깨
3819,shout,외치다
3820,show,보이다
3821,shower,소나기 빗발치듯 퍼붓다(쏟다)
3822,shrink,줄어들다
3823,shut,닫다
3824,shy,수줍은
3825,sick,병난
3826,side,쪽
3827,sigh,한숨
3828,sight,광경
3829,sign,부호
3830,significant,중요한
3831,silent,조용한
3832,silk,비단
3833,silly,어리석은 바보
3834,silver,은
3835,similar,유사한
3836,simple,단일의
3837,simulate,흉내내다
3838,simultaneous,동시에 일어나는(존재하는)
3839,sin,사인
3841,sing,노래하다
3842,single,단 하나의
3843,sink,가라앉다
3844,sister,여자형제
3845,sit,앉다
3846,site,부지
3847,situation,장소
3848,size,크기
3849,skill,숙련
3850,skin,피부
3851,skip,도약
3852,skirt,스커어트
3853,sky,하늘
3854,slaughter,도살
3855,slave,노예 노예처럼 일하다
3856,sleep,잠자다
3857,slice,얇은조각
3858,slide,미끄러지다
3859,slight,약간의
3860,slim,호리호리한
3861,slip,(때가)어느덧 지나가다
3862,slope,비탈
3863,slow,느린
3864,small,작은 작은 부분 적게
3865,smart,재치있는
3866,smash,박살내다
3867,smell,냄새
3868,smile,미소짓다 미소
3869,smoke,연기
3870,smooth,매끄러운
3871,snake,뱀
3872,snap,덥석 물다
3873,sneak,몰래 움직이다
3874,sniff,코를 킁킁거리다
3875,snow,눈 눈이 내리다
3876,so,그와 같이
3877,soak,담그다
3878,soap,비누 비누로 씻다
3879,soccer,축구
3880,social,사회의
3881,society,사회
3882,sociology,사회학
3883,sock,짧은 양말
3884,soft,부드러운
3885,software,소프트웨어
3886,soil,흙
3887,soldier,군인
3888,sole,유일한 발바닥
3889,solid,고체의
3890,solo,독주
3891,solve,해결하다
3892,some,얼만가의
3893,somewhat,약간
3894,son,아들
3895,song,노래
3896,soon,얼마 안 가서
3897,sophisticated,물정에 닳고 닳은
3898,sore,슬픈
3899,sorry,가엾은
3900,sort,종류
3901,soul,혼
3902,sound,소리
3903,sour,시큼한 시어지다 시큼한 것
3904,source,원천
3905,south,남쪽 남쪽의 남으로
3906,space,공간
3907,span,한 뼘
3908,spare,여분의
3909,spark,불꽃
3910,speak,이야기하다
3911,special,특별한
3912,species,종
3913,specific,특정한
3914,spectacle,광경
3915,spectrum,스펙트럼
3916,speech,연설
3917,speed,속도
3918,spell,철자하다
3919,spend,소비하다
3920,sphere,구
3921,spill,엎지르다
3922,spin,잣다
3923,spirit,정신
3924,spit,침을 뱉다
3925,spite,악의
3926,splash,튀기다
3927,split,쪼개다
3928,spoil,망쳐놓다
3929,spoon,숟가락
3930,spot,장소
3931,spouse,배우자
3932,spread,펴다
3933,square,정사각형의
3934,squeeze,압착하다
3935,stable,안정된
3936,stack,낟가리
3937,stage,무대
3938,stain,더럽히다
3939,stairs,계단
3940,stamp,도장
3941,stand,서다
3942,standard,표준
3943,stare,응시하다
3944,start,시작하다
3945,starve,굶어 죽다
3946,state,상태
3947,station,역
3948,statistic,통계의 통계량
3949,statue,조상
3950,status,신분
3951,stay,머무르다
3952,steady,확고한
3953,steal,훔치다
3954,steam,증기
3955,steel,강철
3956,steep,가파른 -에 담그다 잠기다 담그기
3957,stem,줄기
3958,step,걷다
3959,stick,나무토막
3960,stiff,굳은
3961,still,소리가 없는 아직(도)
3962,stimulate,자극하다
3963,stir,휘젓다
3964,stitch,한 바늘
3965,stock,줄기
3966,stomach,위
3967,stone,돌
3968,stop,멈추다
3969,store,가게
3970,storm,폭풍
3971,story,층
3972,stove,stave의 과거(분사)
3973,straight,곧은
3974,strain,잡아당기다
3975,strange,이상한
3976,strategy,용병학
3977,straw,짚
3978,strawberry,딸기
3979,stream,시내
3980,street,거리
3981,stress,압박
3982,stretch,뻗치다
3983,strict,엄중한
3984,strike,치다
3985,string,끈
3986,strip,벗기다
3987,stripe,줄무늬
3988,stroke,한번치기
3989,strong,강한
3990,structure,구조
3991,struggle,버둥거리다
3992,student,학생
3993,study,학문
3994,stuff,재료
3995,subject,복종시키다
3996,subjective,주관의
3997,submarine,잠수함
3998,submit,복종시키다
3999,subscribe,서명승락하다
4000,substance,물질
4001,substantial,실체의
4002,substitute,대용하다 대신하다 대리(인)
4003,subtle,미묘한
4004,suburb,교외
4005,subway,지하도
4006,succeed,성공하다
4007,such,이러한
4008,suck,빨다
4009,sudden,별안간의
4010,suffer,경험하다
4011,sufficient,충분한
4012,sugar,설탕
4013,suggest,암시하다
4014,suicide,자살 자살하다
4015,suit,소송
4016,suite,수행원
4017,sum,총계
4018,summary,요약
4019,summit,꼭대기
4020,sun,태양
4021,super,임시고용배우
4022,superb,장려한
4023,superior,뛰어난
4024,supervise,감독하다
4025,supper,저녁식사
4026,supplement,부록
4027,supply,공급하다
4028,support,지탱하다
4029,suppose,상상하다
4030,sure,"확신하는, 확실한 , 틀림없는"
4031,surface,표면
4032,surgery,외과
4033,surprise,놀람
4034,surrender,넘겨주다
4035,surround,에워싸다
4036,survey,둘러보다
4037,survive,살아 남다
4038,suspect,짐작하다
4039,suspend,매달다
4040,sustain,떠받치다
4041,swallow,삼키다
4042,swear,맹세하다
4043,sweat,땀
4044,sweep,청소하다
4045,sweet,단
4046,swell,부풀다
4047,swift,빠른
4048,swim,헤엄치다
4049,swing,흔들리다
4050,switch,회초리
4051,symbol,상징
4052,sympathy,동정
4053,symphony,교향곡
4054,symptom,조짐
4055,system,조직
4056,table,테이블
4057,tackle,고패
4058,tag,손잡이가죽
4059,tail,꼬리
4060,take,잡다
4061,tale,이야기
4062,talent,재주
4063,talk,말하다
4064,tall,키큰
4065,tap,가볍게 치기
4066,tape,테이프
4067,target,과녁
4068,task,일
4069,taste,맛
4070,tattoo,귀영나팔
4071,tax,세금
4072,tea,차
4073,teach,가르치다
4074,tear,눈물
4075,tease,괴롭히다
4076,teen,슬픔
4077,teenage,10대
4078,telegraph,전신
4079,telephone,전화
4080,tell,말하다
4081,temperature,온도
4082,temple,관자놀이
4083,temporary,일시적인
4084,tempt,유혹하다
4085,tenant,차지인
4086,tend,(-의)경향이 있다
4087,tender,제공
4088,tense,시제
4089,term,기간
4090,terminal,종점의
4091,terminate,끝내다
4092,terrace,계단모양의 뜰(광장)
4093,terrible,무시무시한
4094,terrific,무서운
4095,territory,영토
4096,test,시험
4097,testify,증명하다
4098,text,원문
4099,textbook,교과서
4101,thank,감사하다 감사
4102,that,저
4103,the,art.저
4105,theme,논제
4106,then,그때
4107,theory,이론
4108,therapy,치료법
4109,there,거기에
4110,therefore,그런 까닭에
4111,they,그들
4112,thick,두꺼운
4113,thief,도둑
4114,thin,얇은
4115,thing,물건
4116,think,생각하다
4117,thirst,갈증
4118,this,이
4119,thorough,완전한
4121,thousand,천
4122,thread,실
4123,threat,협박
4124,thrill,오싹하다 오싹함
4125,throat,목
4126,through,(-을)통하여 통하여 직통의
4127,throw,던지다
4128,thumb,엄지손가락 엄지손가락으로 만지다
4129,thus,이렇게
4130,tick,시계소리
4131,tide,조수
4132,tidy,말쑥한
4133,tie,매다
4134,tiger,호랑이
4135,tight,단단한
4137,timber,재목
4138,time,때
4139,tin,주석
4140,tiny,자그마한
4141,tip,끝
4142,tire,피로하게 하다
4143,tissue,조직
4144,title,표제
4146,tobacco,담배
4147,today,오늘은
4148,toe,발가락
4149,together,같이
4150,toilet,화장실
4151,tomorrow,내일(은)
4152,tone,음조
4153,tongue,혀
4154,tonight,오늘밤에 오늘밤
4155,too,(-도)또한
4156,tool,사용세
4157,tooth,이
4158,top,정상
4159,torture,고문
4160,toss,던지다
4161,total,총계 전체의 합계하다
4162,touch,닿다
4163,tough,단단한
4164,tour,일주
4166,tower,탑
4167,town,읍
4168,toxic,독의
4169,toy,장난감 장난하다
4170,trace,발자국
4171,trade,매매
4172,tradition,전설
4173,traffic,교통
4174,tragic,비극의
4175,trail,질질 끌다
4176,train,기차
4177,transact,처리하다
4178,transfer,옮기다
4179,transform,"변형(변용,변태)시키다"
4180,transition,변천
4181,translate,번역하다
4182,transmit,보내다
4183,transport,수송(운송)하다
4184,trap,덫
4185,travel,여행하다
4186,tray,쟁반
4187,treasure,보물
4188,treat,대우하다
4189,treaty,조약
4190,tree,나무
4191,tremendous,무서운
4192,trend,방향
4193,trial,시험
4194,triangle,각형
4195,tribe,종족
4196,trick,책략
4197,trigger,방아쇠 재빠른
4198,trim,산뜻한 정돈하다
4199,trip,여행
4200,triumph,승리
4201,troop,대
4202,trophy,전리품
4203,trouble,고생
4204,trouser,즈봉
4205,TRUE,진실
4206,trunk,줄기
4207,trust,신용
4208,truth,진리
4209,try,시험해보다
4210,tube,관
4211,tune,곡
4212,tunnel,터널
4213,turn,돌리다
4214,turnover,전복
4215,tutor,가정교사
4216,twice,두 번
4217,twin,쌍동이
4218,twist,꼬이다
4219,type,형
4220,typical,전형적인
4221,ugly,추한
4222,ultimate,최후의
4223,umbrella,우산
4224,uncle,아저씨
4226,undergo,(영향 등을)받다
4229,understand,이해하다
4230,undertake,떠맡다
4231,uniform,한결같은
4232,unify,하나로 하다
4233,union,결합
4234,unique,유일무이한
4235,unit,단위
4236,unite,결합하다
4237,universe,우주
4238,university,종합대학(교) 대학의(에 관계 있는)
4241,up,위로
4242,update,새롭게 하다 최신정보
4244,upper,위쪽의
4245,upset,뒤집어 엎다
4246,upward,위로 향한
4247,urban,도시의
4248,urge,몰아대다
4249,urgent,긴급한
4250,use,쓰다
4251,usual,평소의
4253,utter,전적인
4254,vacation,휴가
4255,vacuum,진공
4256,vague,막연한
4257,valid,유효한
4258,valley,골짜기
4259,value,가치
4260,van,유개트럭
4261,vanish,자취를 감추다
4262,various,가지가지의
4263,vary,바꾸다
4264,vast,"광대한, 광막한 막대한"
4265,vegetable,"식물  야채, 푸성귀, 남새, 채소"
4266,vehicle,"운반 기구, 운송 수단,  수레, 차량, 탈것"
4267,venture,모험
4268,verbal,"말의, 말에 관한, 언어상의, 말로 나타낸, 말로 된"
4269,verse,"시의 한 줄, 시구  일련의 시구"
4270,version,"번역, 번역문 개작, 각색, 번안"
4271,versus,"…대, …에 대한"
4272,vertical,"수평면에 직각인, 수직의"
4273,very,매우
4274,vessel,그릇
4275,veteran,"노련가, 경험 많은 대가, 베테랑"
4276,veterinarian,수의사
4277,via,"…을 거쳐, …을 경유하여"
4278,vice,"악덕,  비행, 타락 행위"
4279,victim,"희생, 산 제물, 인신 제물"
4280,victory,"승리, 전승"
4281,view,"봄, 관찰, 개관, 실지 검증  보는 힘, 시계, 시야"
4282,vigorous,"정력적인, 강건한, 활기 있는, 격렬한"
4283,village,"마을, 촌락"
4284,violent,"격렬한, 맹렬한"
4285,virgin,"처녀, 동정녀, 미혼 여성, 동정녀 마리아"
4286,virtual,"사실상의, 실질상의, 실제의  허상의"
4287,virtue,"덕, 덕행, 선, 선행"
4288,visible,"눈에 보이는,  볼 수 있는"
4289,visit,"방문하다, …의 손님으로 묵다"
4290,visual,"시각의, 물건을 보기 위한"
4291,vital,"생명의, 생명에 관한, 생명유지에 필요한, 살아 있는"
4292,vivid,"발랄한, 약동적인, 힘찬, 생기있는"
4293,vocabulary,"어휘, 용어수, 용어 범위"
4294,vocation,"천직, 사명 직업, 생업, 장사  적성, 소질, 재능"
4295,voice,"목소리, 음성, 음성"
4296,volume,책  권
4297,voluntary,"자발적인, 수의의"
4298,vote,"찬부 표시, 투표, 표결"
4299,voyage,여행
4300,wage,임금
4301,wagon,짐마차
4302,wait,기다리다
4303,wake,잠깨다
4304,walk,걷다
4305,wall,벽
4306,wander,헤매다
4307,want,결핍
4308,war,전쟁
4309,warehouse,창고
4310,warm,따뜻한
4311,warn,경고하다
4312,warrant,보증하다 보증
4313,warrior,병사
4314,wash,씻다
4315,waste,낭비하다
4316,watch,손목시계
4317,water,물
4318,watermelon,수박
4319,wave,물결
4320,way,길
4321,we,우리가
4322,weak,약한
4323,wealth,재산
4324,weapon,무기
4325,wear,입다
4326,weather,날씨
4327,weave,짜다
4328,wedding,혼례
4329,weed,잡초 잡초를 뽑다
4330,week,주
4331,weekend,주말 주말의 주말을 지내다
4332,weigh,무게를 달다
4333,weight,무게
4334,weird,불가사의한
4335,welcome,환영 환영받는
4336,welfare,행복
4337,well,잘
4338,west,서쪽
4339,wet,축축한
4340,whale,고래
4341,what,무엇 무슨
4342,wheat,밀
4343,wheel,바퀴
4344,when,언제
4345,where,어디에 (-하는)곳에 pr.어디 (문제의)장소
4346,whereas,cnj.(-인)까닭에
4348,which,어느 쪽
4349,while,동안 -하는 동안
4350,whip,채찍 채찍질하다
4351,whisper,속삭이다
4352,whistle,휘파람
4353,white,흰
4354,who,누구
4355,whole,전체의
4356,why,왜
4357,wicked,사악한
4358,wide,폭넓은
4359,widespread,널리 보급되어 있는
4360,widow,미망인
4361,wife,아내
4362,wild,야생의
4363,will,의지
4364,win,이기다
4365,wind,바람
4366,window,창
4367,wing,날개
4368,wipe,닦다
4369,wire,철사
4370,wise,슬기로운
4371,wish,바라다
4372,wit,기지
4373,with,함께
4374,withdraw,물러나다
4375,within,prop.-의 안쪽에 안으로 내부
4376,without,prop.-없이 밖은
4377,witness,증언
4378,woman,부인
4379,wonder,경이
4380,wood,숲
4381,wool,양모
4382,word,낱말
4383,work,일
4384,world,세계
4385,worry,근심하다
4386,worship,숭배
4387,worth,가치가 있는 가치
4388,would,auwill의 과거
4389,wound,부상
4390,wrap,싸다
4391,wreck,난파
4392,write,쓰다
4393,wrong,나쁜
4394,year,연
4395,yell,고함치다
4396,yellow,황색의 황색
4397,yes,예
4398,yesterday,어제
4399,yet,아직
4400,yield,산출하다
4401,you,당신
4402,young,젊은
4403,zebra,얼룩말
4404,zone,대
4405,zoo,동물원
4478,apache,시발
